<?xml version="1.0" encoding="UTF-8"?>
<folder exportedWithPermissions="true">
    <parent>/hotel</parent>
    <name>input_control</name>
    <label>input_control</label>
    <description></description>
    <creationDate>2021-07-18T16:43:48.971Z</creationDate>
    <updateDate>2021-07-18T16:43:48.971Z</updateDate>
    <resource>at_date</resource>
    <resource>end_date</resource>
    <resource>folio_id</resource>
    <resource>shift_id</resource>
    <resource>start_date</resource>
    <resource>user_id</resource>
</folder>
