<?xml version="1.0" encoding="UTF-8"?>
<inputControl exportedWithPermissions="true">
    <folder>/hotel/input_control</folder>
    <name>shift_id</name>
    <version>0</version>
    <label>shift_id</label>
    <description></description>
    <creationDate>2021-08-10T09:10:58.546Z</creationDate>
    <updateDate>2021-08-10T09:10:58.546Z</updateDate>
    <type>2</type>
    <mandatory>false</mandatory>
    <readOnly>false</readOnly>
    <visible>true</visible>
    <dataType>
        <localResource
            xmlns:xsi="http://www.w3.org/2001/XMLSchema-instance"
            exportedWithPermissions="false" xsi:type="dataType">
            <folder>/hotel/input_control/shift_id_files</folder>
            <name>shift_id</name>
            <version>0</version>
            <label>shift_id</label>
            <description></description>
            <creationDate>2021-08-10T09:10:58.546Z</creationDate>
            <updateDate>2021-08-10T09:10:58.546Z</updateDate>
            <type>2</type>
            <strictMin>false</strictMin>
            <strictMax>false</strictMax>
        </localResource>
    </dataType>
</inputControl>
