<?xml version="1.0" encoding="UTF-8"?>
<inputControl exportedWithPermissions="true">
    <folder>/hotel/input_control</folder>
    <name>start_date</name>
    <version>1</version>
    <label>start_date</label>
    <description></description>
    <creationDate>2021-07-18T16:39:51.203Z</creationDate>
    <updateDate>2021-07-18T16:39:51.203Z</updateDate>
    <type>2</type>
    <mandatory>true</mandatory>
    <readOnly>false</readOnly>
    <visible>true</visible>
    <dataType>
        <localResource
            xmlns:xsi="http://www.w3.org/2001/XMLSchema-instance"
            exportedWithPermissions="false" xsi:type="dataType">
            <folder>/hotel/input_control/start_date_files</folder>
            <name>start_date</name>
            <version>0</version>
            <label>start_date</label>
            <description></description>
            <creationDate>2021-07-18T16:39:51.203Z</creationDate>
            <updateDate>2021-07-18T16:39:51.203Z</updateDate>
            <type>3</type>
            <strictMin>false</strictMin>
            <strictMax>false</strictMax>
        </localResource>
    </dataType>
</inputControl>
