<?xml version="1.0" encoding="UTF-8"?>
<folder exportedWithPermissions="true">
    <parent>/</parent>
    <name>themes</name>
    <label>Themes</label>
    <creationDate>2021-07-11T12:08:29.307Z</creationDate>
    <updateDate>2019-05-21T20:09:45.466Z</updateDate>
    <folder>default</folder>
    <folder>easy_access</folder>
    <folder>jasper_dark</folder>
    <folder>pods_summer</folder>
    <permission>
        <permissionMask>32</permissionMask>
        <recipient recipientType="role">ROLE_USER</recipient>
    </permission>
</folder>
