<?xml version="1.0" encoding="UTF-8"?>
<jdbcDataSource exportedWithPermissions="true">
    <folder>/hotel/data_source</folder>
    <name>pg_hotel</name>
    <version>2</version>
    <label>pg hotel</label>
    <creationDate>2021-07-11T12:40:36.995Z</creationDate>
    <updateDate>2021-07-11T13:15:36.211Z</updateDate>
    <driver>org.postgresql.Driver</driver>
    <connectionUrl>jdbc:postgresql://postgres:5432/hotel</connectionUrl>
    <connectionUser>postgres</connectionUser>
    <connectionPassword>ENC&lt;8093FC865432A824C35AF5D476334978&gt;</connectionPassword>
    <timezone></timezone>
</jdbcDataSource>
